{
    "$schema": "https://schema.management.azure.com/schemas/2015-01-01/deploymentParameters.json#",
    "contentVersion": "1.0.0.0",
    "parameters": {
        "apimName": {
            "value": "aisapimgr"
        },
        "location": {
            "value": "ukwest"
        },
        "tier": {
            "value": "Consumption"
        },
        "capacity": {
            "value": "0"
        },
        "adminEmail": {
            "value": "gupta.gunda@thepowerpeople.com"
        },
        "organizationName": {
            "value": "aisworkspace"
        },
        "virtualNetworkType": {
            "value": "External"
        },
        "tagsByResource": {
            "value": {}
        },
        "vnet": {
            "value": {}
        },
        "customProperties": {
            "value": {
                "Microsoft.WindowsAzure.ApiManagement.Gateway.Security.Protocols.Tls11": false,
                "Microsoft.WindowsAzure.ApiManagement.Gateway.Security.Protocols.Tls10": false,
                "Microsoft.WindowsAzure.ApiManagement.Gateway.Security.Backend.Protocols.Tls11": false,
                "Microsoft.WindowsAzure.ApiManagement.Gateway.Security.Backend.Protocols.Tls10": false,
                "Microsoft.WindowsAzure.ApiManagement.Gateway.Security.Backend.Protocols.Ssl30": false,
                "Microsoft.WindowsAzure.ApiManagement.Gateway.Protocols.Server.Http2": false
            }
        },
        "identity": {
            "value": {
                "type": "None"
            }
        },
        "appInsightsObject": {
            "value": {
                "id": null,
                "name": null
            }
        },
        "publicIpAddressId": {
            "value": ""
        },
        "privateEndpoint": {
            "value": {}
        },
        "privateDnsDeploymentName": {
            "value": "PrivateDNS-1673011466333"
        },
        "subnetDeploymentName": {
            "value": "UpdateSubnetDeployment-1673011466333"
        }
    }
}