{
    "$schema": "https://schema.management.azure.com/schemas/2019-04-01/deploymentTemplate.json#",
    "contentVersion": "1.0.0.0",
    "parameters": {
        "service_aisapimgr_name": {
            "defaultValue": "aisapimgr",
            "type": "String"
        },
        "vaults_aisc6ejnh2dsmkni_name": {
            "defaultValue": "aisc6ejnh2dsmkni",
            "type": "String"
        }
    },
    "variables": {},
    "resources": [
        {
            "type": "Microsoft.ApiManagement/service",
            "apiVersion": "2022-04-01-preview",
            "name": "[parameters('service_aisapimgr_name')]",
            "location": "UK West",
            "sku": {
                "name": "Consumption",
                "capacity": 0
            },
            "properties": {
                "publisherEmail": "gupta.gunda@thepowerpeople.com",
                "publisherName": "aisworkspace",
                "notificationSenderEmail": "apimgmt-noreply@mail.windowsazure.com",
                "hostnameConfigurations": [
                    {
                        "type": "Proxy",
                        "hostName": "[concat(parameters('service_aisapimgr_name'), '.azure-api.net')]",
                        "negotiateClientCertificate": false,
                        "defaultSslBinding": true,
                        "certificateSource": "BuiltIn"
                    }
                ],
                "customProperties": {
                    "Microsoft.WindowsAzure.ApiManagement.Gateway.Security.Protocols.Tls11": "false",
                    "Microsoft.WindowsAzure.ApiManagement.Gateway.Security.Protocols.Tls10": "false",
                    "Microsoft.WindowsAzure.ApiManagement.Gateway.Security.Backend.Protocols.Tls11": "false",
                    "Microsoft.WindowsAzure.ApiManagement.Gateway.Security.Backend.Protocols.Tls10": "false",
                    "Microsoft.WindowsAzure.ApiManagement.Gateway.Security.Backend.Protocols.Ssl30": "false",
                    "Microsoft.WindowsAzure.ApiManagement.Gateway.Protocols.Server.Http2": "false"
                },
                "virtualNetworkType": "None",
                "disableGateway": false,
                "natGatewayState": "Disabled",
                "apiVersionConstraint": {},
                "publicNetworkAccess": "Enabled"
            }
        },
        {
            "type": "Microsoft.KeyVault/vaults",
            "apiVersion": "2022-07-01",
            "name": "[parameters('vaults_aisc6ejnh2dsmkni_name')]",
            "location": "eastus",
            "properties": {
                "sku": {
                    "family": "A",
                    "name": "standard"
                },
                "tenantId": "63d29c83-ebec-43f1-9d66-10355d4bb809",
                "accessPolicies": [
                    {
                        "tenantId": "63d29c83-ebec-43f1-9d66-10355d4bb809",
                        "objectId": "c7806d06-c6b4-49ac-99e7-09cd6feaf209",
                        "permissions": {
                            "keys": [
                                "Get",
                                "List",
                                "Update",
                                "Create",
                                "Import",
                                "Delete",
                                "Recover",
                                "Backup",
                                "Restore",
                                "GetRotationPolicy",
                                "SetRotationPolicy",
                                "Rotate"
                            ],
                            "secrets": [
                                "Get",
                                "List",
                                "Set",
                                "Delete",
                                "Recover",
                                "Backup",
                                "Restore"
                            ],
                            "certificates": [
                                "Get",
                                "List",
                                "Update",
                                "Create",
                                "Import",
                                "Delete",
                                "Recover",
                                "Backup",
                                "Restore",
                                "ManageContacts",
                                "ManageIssuers",
                                "GetIssuers",
                                "ListIssuers",
                                "SetIssuers",
                                "DeleteIssuers"
                            ]
                        }
                    }
                ],
                "enabledForDeployment": false,
                "enabledForDiskEncryption": false,
                "enabledForTemplateDeployment": false,
                "enableSoftDelete": true,
                "softDeleteRetentionInDays": 90,
                "vaultUri": "[concat('https://', parameters('vaults_aisc6ejnh2dsmkni_name'), '.vault.azure.net/')]",
                "provisioningState": "Succeeded",
                "publicNetworkAccess": "Enabled"
            }
        },
        {
            "type": "Microsoft.ApiManagement/service/policies",
            "apiVersion": "2022-04-01-preview",
            "name": "[concat(parameters('service_aisapimgr_name'), '/policy')]",
            "dependsOn": [
                "[resourceId('Microsoft.ApiManagement/service', parameters('service_aisapimgr_name'))]"
            ],
            "properties": {
                "value": "<!--\r\n    IMPORTANT:\r\n    - Policy elements can appear only within the <inbound>, <outbound>, <backend> section elements.\r\n    - Only the <forward-request> policy element can appear within the <backend> section element.\r\n    - To apply a policy to the incoming request (before it is forwarded to the backend service), place a corresponding policy element within the <inbound> section element.\r\n    - To apply a policy to the outgoing response (before it is sent back to the caller), place a corresponding policy element within the <outbound> section element.\r\n    - To add a policy position the cursor at the desired insertion point and click on the round button associated with the policy.\r\n    - To remove a policy, delete the corresponding policy statement from the policy document.\r\n    - Policies are applied in the order of their appearance, from the top down.\r\n-->\r\n<policies>\r\n  <inbound></inbound>\r\n  <backend>\r\n    <forward-request />\r\n  </backend>\r\n  <outbound></outbound>\r\n</policies>",
                "format": "xml"
            }
        },
        {
            "type": "Microsoft.ApiManagement/service/subscriptions",
            "apiVersion": "2022-04-01-preview",
            "name": "[concat(parameters('service_aisapimgr_name'), '/master')]",
            "dependsOn": [
                "[resourceId('Microsoft.ApiManagement/service', parameters('service_aisapimgr_name'))]"
            ],
            "properties": {
                "scope": "[concat(resourceId('Microsoft.ApiManagement/service', parameters('service_aisapimgr_name')), '/')]",
                "displayName": "Built-in all-access subscription",
                "state": "active",
                "allowTracing": true
            }
        }
    ]
}